-- MySQL dump 10.13  Distrib 8.0.45, for Win64 (x86_64)
--
-- Host: localhost    Database: swms_db
-- ------------------------------------------------------
-- Server version	8.0.45

/*!40101 SET @OLD_CHARACTER_SET_CLIENT=@@CHARACTER_SET_CLIENT */;
/*!40101 SET @OLD_CHARACTER_SET_RESULTS=@@CHARACTER_SET_RESULTS */;
/*!40101 SET @OLD_COLLATION_CONNECTION=@@COLLATION_CONNECTION */;
/*!50503 SET NAMES utf8mb4 */;
/*!40103 SET @OLD_TIME_ZONE=@@TIME_ZONE */;
/*!40103 SET TIME_ZONE='+00:00' */;
/*!40014 SET @OLD_UNIQUE_CHECKS=@@UNIQUE_CHECKS, UNIQUE_CHECKS=0 */;
/*!40014 SET @OLD_FOREIGN_KEY_CHECKS=@@FOREIGN_KEY_CHECKS, FOREIGN_KEY_CHECKS=0 */;
/*!40101 SET @OLD_SQL_MODE=@@SQL_MODE, SQL_MODE='NO_AUTO_VALUE_ON_ZERO' */;
/*!40111 SET @OLD_SQL_NOTES=@@SQL_NOTES, SQL_NOTES=0 */;

--
-- Table structure for table `account_emailaddress`
--

DROP TABLE IF EXISTS `account_emailaddress`;
/*!40101 SET @saved_cs_client     = @@character_set_client */;
/*!50503 SET character_set_client = utf8mb4 */;
CREATE TABLE `account_emailaddress` (
  `id` int NOT NULL AUTO_INCREMENT,
  `email` varchar(254) COLLATE utf8mb4_unicode_ci NOT NULL,
  `verified` tinyint(1) NOT NULL,
  `primary` tinyint(1) NOT NULL,
  `user_id` int NOT NULL,
  PRIMARY KEY (`id`),
  UNIQUE KEY `account_emailaddress_user_id_email_987c8728_uniq` (`user_id`,`email`),
  KEY `account_emailaddress_email_03be32b2` (`email`),
  CONSTRAINT `account_emailaddress_user_id_2c513194_fk_auth_user_id` FOREIGN KEY (`user_id`) REFERENCES `auth_user` (`id`)
) ENGINE=InnoDB DEFAULT CHARSET=utf8mb4 COLLATE=utf8mb4_unicode_ci;
/*!40101 SET character_set_client = @saved_cs_client */;

--
-- Dumping data for table `account_emailaddress`
--

LOCK TABLES `account_emailaddress` WRITE;
/*!40000 ALTER TABLE `account_emailaddress` DISABLE KEYS */;
/*!40000 ALTER TABLE `account_emailaddress` ENABLE KEYS */;
UNLOCK TABLES;

--
-- Table structure for table `account_emailconfirmation`
--

DROP TABLE IF EXISTS `account_emailconfirmation`;
/*!40101 SET @saved_cs_client     = @@character_set_client */;
/*!50503 SET character_set_client = utf8mb4 */;
CREATE TABLE `account_emailconfirmation` (
  `id` int NOT NULL AUTO_INCREMENT,
  `created` datetime(6) NOT NULL,
  `sent` datetime(6) DEFAULT NULL,
  `key` varchar(64) COLLATE utf8mb4_unicode_ci NOT NULL,
  `email_address_id` int NOT NULL,
  PRIMARY KEY (`id`),
  UNIQUE KEY `key` (`key`),
  KEY `account_emailconfirm_email_address_id_5b7f8c58_fk_account_e` (`email_address_id`),
  CONSTRAINT `account_emailconfirm_email_address_id_5b7f8c58_fk_account_e` FOREIGN KEY (`email_address_id`) REFERENCES `account_emailaddress` (`id`)
) ENGINE=InnoDB DEFAULT CHARSET=utf8mb4 COLLATE=utf8mb4_unicode_ci;
/*!40101 SET character_set_client = @saved_cs_client */;

--
-- Dumping data for table `account_emailconfirmation`
--

LOCK TABLES `account_emailconfirmation` WRITE;
/*!40000 ALTER TABLE `account_emailconfirmation` DISABLE KEYS */;
/*!40000 ALTER TABLE `account_emailconfirmation` ENABLE KEYS */;
UNLOCK TABLES;

--
-- Table structure for table `auth_group`
--

DROP TABLE IF EXISTS `auth_group`;
/*!40101 SET @saved_cs_client     = @@character_set_client */;
/*!50503 SET character_set_client = utf8mb4 */;
CREATE TABLE `auth_group` (
  `id` int NOT NULL AUTO_INCREMENT,
  `name` varchar(150) COLLATE utf8mb4_unicode_ci NOT NULL,
  PRIMARY KEY (`id`),
  UNIQUE KEY `name` (`name`)
) ENGINE=InnoDB DEFAULT CHARSET=utf8mb4 COLLATE=utf8mb4_unicode_ci;
/*!40101 SET character_set_client = @saved_cs_client */;

--
-- Dumping data for table `auth_group`
--

LOCK TABLES `auth_group` WRITE;
/*!40000 ALTER TABLE `auth_group` DISABLE KEYS */;
/*!40000 ALTER TABLE `auth_group` ENABLE KEYS */;
UNLOCK TABLES;

--
-- Table structure for table `auth_group_permissions`
--

DROP TABLE IF EXISTS `auth_group_permissions`;
/*!40101 SET @saved_cs_client     = @@character_set_client */;
/*!50503 SET character_set_client = utf8mb4 */;
CREATE TABLE `auth_group_permissions` (
  `id` bigint NOT NULL AUTO_INCREMENT,
  `group_id` int NOT NULL,
  `permission_id` int NOT NULL,
  PRIMARY KEY (`id`),
  UNIQUE KEY `auth_group_permissions_group_id_permission_id_0cd325b0_uniq` (`group_id`,`permission_id`),
  KEY `auth_group_permissio_permission_id_84c5c92e_fk_auth_perm` (`permission_id`),
  CONSTRAINT `auth_group_permissio_permission_id_84c5c92e_fk_auth_perm` FOREIGN KEY (`permission_id`) REFERENCES `auth_permission` (`id`),
  CONSTRAINT `auth_group_permissions_group_id_b120cbf9_fk_auth_group_id` FOREIGN KEY (`group_id`) REFERENCES `auth_group` (`id`)
) ENGINE=InnoDB DEFAULT CHARSET=utf8mb4 COLLATE=utf8mb4_unicode_ci;
/*!40101 SET character_set_client = @saved_cs_client */;

--
-- Dumping data for table `auth_group_permissions`
--

LOCK TABLES `auth_group_permissions` WRITE;
/*!40000 ALTER TABLE `auth_group_permissions` DISABLE KEYS */;
/*!40000 ALTER TABLE `auth_group_permissions` ENABLE KEYS */;
UNLOCK TABLES;

--
-- Table structure for table `auth_permission`
--

DROP TABLE IF EXISTS `auth_permission`;
/*!40101 SET @saved_cs_client     = @@character_set_client */;
/*!50503 SET character_set_client = utf8mb4 */;
CREATE TABLE `auth_permission` (
  `id` int NOT NULL AUTO_INCREMENT,
  `name` varchar(255) COLLATE utf8mb4_unicode_ci NOT NULL,
  `content_type_id` int NOT NULL,
  `codename` varchar(100) COLLATE utf8mb4_unicode_ci NOT NULL,
  PRIMARY KEY (`id`),
  UNIQUE KEY `auth_permission_content_type_id_codename_01ab375a_uniq` (`content_type_id`,`codename`),
  CONSTRAINT `auth_permission_content_type_id_2f476e4b_fk_django_co` FOREIGN KEY (`content_type_id`) REFERENCES `django_content_type` (`id`)
) ENGINE=InnoDB AUTO_INCREMENT=129 DEFAULT CHARSET=utf8mb4 COLLATE=utf8mb4_unicode_ci;
/*!40101 SET character_set_client = @saved_cs_client */;

--
-- Dumping data for table `auth_permission`
--

LOCK TABLES `auth_permission` WRITE;
/*!40000 ALTER TABLE `auth_permission` DISABLE KEYS */;
INSERT INTO `auth_permission` VALUES (1,'Can add log entry',1,'add_logentry'),(2,'Can change log entry',1,'change_logentry'),(3,'Can delete log entry',1,'delete_logentry'),(4,'Can view log entry',1,'view_logentry'),(5,'Can add permission',2,'add_permission'),(6,'Can change permission',2,'change_permission'),(7,'Can delete permission',2,'delete_permission'),(8,'Can view permission',2,'view_permission'),(9,'Can add group',3,'add_group'),(10,'Can change group',3,'change_group'),(11,'Can delete group',3,'delete_group'),(12,'Can view group',3,'view_group'),(13,'Can add user',4,'add_user'),(14,'Can change user',4,'change_user'),(15,'Can delete user',4,'delete_user'),(16,'Can view user',4,'view_user'),(17,'Can add content type',5,'add_contenttype'),(18,'Can change content type',5,'change_contenttype'),(19,'Can delete content type',5,'delete_contenttype'),(20,'Can view content type',5,'view_contenttype'),(21,'Can add session',6,'add_session'),(22,'Can change session',6,'change_session'),(23,'Can delete session',6,'delete_session'),(24,'Can view session',6,'view_session'),(25,'Can add site',7,'add_site'),(26,'Can change site',7,'change_site'),(27,'Can delete site',7,'delete_site'),(28,'Can view site',7,'view_site'),(29,'Can add activity',8,'add_activity'),(30,'Can change activity',8,'change_activity'),(31,'Can delete activity',8,'delete_activity'),(32,'Can view activity',8,'view_activity'),(33,'Can add away period',9,'add_awayperiod'),(34,'Can change away period',9,'change_awayperiod'),(35,'Can delete away period',9,'delete_awayperiod'),(36,'Can view away period',9,'view_awayperiod'),(37,'Can add meal',10,'add_meal'),(38,'Can change meal',10,'change_meal'),(39,'Can delete meal',10,'delete_meal'),(40,'Can view meal',10,'view_meal'),(41,'Can add student',11,'add_student'),(42,'Can change student',11,'change_student'),(43,'Can delete student',11,'delete_student'),(44,'Can view student',11,'view_student'),(45,'Can add announcement',12,'add_announcement'),(46,'Can change announcement',12,'change_announcement'),(47,'Can delete announcement',12,'delete_announcement'),(48,'Can view announcement',12,'view_announcement'),(49,'Can add document',13,'add_document'),(50,'Can change document',13,'change_document'),(51,'Can delete document',13,'delete_document'),(52,'Can view document',13,'view_document'),(53,'Can add message',14,'add_message'),(54,'Can change message',14,'change_message'),(55,'Can delete message',14,'delete_message'),(56,'Can view message',14,'view_message'),(57,'Can add maintenance request',15,'add_maintenancerequest'),(58,'Can change maintenance request',15,'change_maintenancerequest'),(59,'Can delete maintenance request',15,'delete_maintenancerequest'),(60,'Can view maintenance request',15,'view_maintenancerequest'),(61,'Can add room',16,'add_room'),(62,'Can change room',16,'change_room'),(63,'Can delete room',16,'delete_room'),(64,'Can view room',16,'view_room'),(65,'Can add leave request',17,'add_leaverequest'),(66,'Can change leave request',17,'change_leaverequest'),(67,'Can delete leave request',17,'delete_leaverequest'),(68,'Can view leave request',17,'view_leaverequest'),(69,'Can add room assignment',18,'add_roomassignment'),(70,'Can change room assignment',18,'change_roomassignment'),(71,'Can delete room assignment',18,'delete_roomassignment'),(72,'Can view room assignment',18,'view_roomassignment'),(73,'Can add room change request',19,'add_roomchangerequest'),(74,'Can change room change request',19,'change_roomchangerequest'),(75,'Can delete room change request',19,'delete_roomchangerequest'),(76,'Can view room change request',19,'view_roomchangerequest'),(77,'Can add visitor',20,'add_visitor'),(78,'Can change visitor',20,'change_visitor'),(79,'Can delete visitor',20,'delete_visitor'),(80,'Can view visitor',20,'view_visitor'),(81,'Can add event',21,'add_event'),(82,'Can change event',21,'change_event'),(83,'Can delete event',21,'delete_event'),(84,'Can view event',21,'view_event'),(85,'Can add event rsvp',22,'add_eventrsvp'),(86,'Can change event rsvp',22,'change_eventrsvp'),(87,'Can delete event rsvp',22,'delete_eventrsvp'),(88,'Can view event rsvp',22,'view_eventrsvp'),(89,'Can add audit log',23,'add_auditlog'),(90,'Can change audit log',23,'change_auditlog'),(91,'Can delete audit log',23,'delete_auditlog'),(92,'Can view audit log',23,'view_auditlog'),(93,'Can add login activity',24,'add_loginactivity'),(94,'Can change login activity',24,'change_loginactivity'),(95,'Can delete login activity',24,'delete_loginactivity'),(96,'Can view login activity',24,'view_loginactivity'),(97,'Can add notification',25,'add_notification'),(98,'Can change notification',25,'change_notification'),(99,'Can delete notification',25,'delete_notification'),(100,'Can view notification',25,'view_notification'),(101,'Can add payment',26,'add_payment'),(102,'Can change payment',26,'change_payment'),(103,'Can delete payment',26,'delete_payment'),(104,'Can view payment',26,'view_payment'),(105,'Can add email address',27,'add_emailaddress'),(106,'Can change email address',27,'change_emailaddress'),(107,'Can delete email address',27,'delete_emailaddress'),(108,'Can view email address',27,'view_emailaddress'),(109,'Can add email confirmation',28,'add_emailconfirmation'),(110,'Can change email confirmation',28,'change_emailconfirmation'),(111,'Can delete email confirmation',28,'delete_emailconfirmation'),(112,'Can view email confirmation',28,'view_emailconfirmation'),(113,'Can add social account',29,'add_socialaccount'),(114,'Can change social account',29,'change_socialaccount'),(115,'Can delete social account',29,'delete_socialaccount'),(116,'Can view social account',29,'view_socialaccount'),(117,'Can add social application',30,'add_socialapp'),(118,'Can change social application',30,'change_socialapp'),(119,'Can delete social application',30,'delete_socialapp'),(120,'Can view social application',30,'view_socialapp'),(121,'Can add social application token',31,'add_socialtoken'),(122,'Can change social application token',31,'change_socialtoken'),(123,'Can delete social application token',31,'delete_socialtoken'),(124,'Can view social application token',31,'view_socialtoken'),(125,'Can add Deferment Request',32,'add_defermentrequest'),(126,'Can change Deferment Request',32,'change_defermentrequest'),(127,'Can delete Deferment Request',32,'delete_defermentrequest'),(128,'Can view Deferment Request',32,'view_defermentrequest');
/*!40000 ALTER TABLE `auth_permission` ENABLE KEYS */;
UNLOCK TABLES;

--
-- Table structure for table `auth_user`
--

DROP TABLE IF EXISTS `auth_user`;
/*!40101 SET @saved_cs_client     = @@character_set_client */;
/*!50503 SET character_set_client = utf8mb4 */;
CREATE TABLE `auth_user` (
  `id` int NOT NULL AUTO_INCREMENT,
  `password` varchar(128) COLLATE utf8mb4_unicode_ci NOT NULL,
  `last_login` datetime(6) DEFAULT NULL,
  `is_superuser` tinyint(1) NOT NULL,
  `username` varchar(150) COLLATE utf8mb4_unicode_ci NOT NULL,
  `first_name` varchar(150) COLLATE utf8mb4_unicode_ci NOT NULL,
  `last_name` varchar(150) COLLATE utf8mb4_unicode_ci NOT NULL,
  `email` varchar(254) COLLATE utf8mb4_unicode_ci NOT NULL,
  `is_staff` tinyint(1) NOT NULL,
  `is_active` tinyint(1) NOT NULL,
  `date_joined` datetime(6) NOT NULL,
  PRIMARY KEY (`id`),
  UNIQUE KEY `username` (`username`)
) ENGINE=InnoDB AUTO_INCREMENT=4 DEFAULT CHARSET=utf8mb4 COLLATE=utf8mb4_unicode_ci;
/*!40101 SET character_set_client = @saved_cs_client */;

--
-- Dumping data for table `auth_user`
--

LOCK TABLES `auth_user` WRITE;
/*!40000 ALTER TABLE `auth_user` DISABLE KEYS */;
INSERT INTO `auth_user` VALUES (1,'!4EfBTXLSnpu0tSJmV2aDt0ngHXUNOozBoUXVd16q',NULL,1,'admin','','','admin@swms.edu',1,1,'2026-01-28 10:17:14.154246'),(2,'pbkdf2_sha256$1000000$4LFrjuv160Nt5rxm1Ac50i$9h33ira2XD5Fieqx0dDUqlyXPxqKrKQTAPXk8NtKFZU=','2026-01-30 13:07:55.114064',1,'Mahrez','','','alimahrez744@gmail.com',1,1,'2026-01-28 10:18:46.152529'),(3,'pbkdf2_sha256$1000000$KT2NsBiblUuszm6jifNnEO$bDIgRizxPJvTZYCaq/1WzfjTdTngHZ++3JYG17P5+t8=','2026-01-30 10:45:00.611566',0,'@ali','Ali Mahirizi','Abdalla','alimahiriziabdalla8486@gmail.com',0,1,'2026-01-28 17:49:21.605345');
/*!40000 ALTER TABLE `auth_user` ENABLE KEYS */;
UNLOCK TABLES;

--
-- Table structure for table `auth_user_groups`
--

DROP TABLE IF EXISTS `auth_user_groups`;
/*!40101 SET @saved_cs_client     = @@character_set_client */;
/*!50503 SET character_set_client = utf8mb4 */;
CREATE TABLE `auth_user_groups` (
  `id` bigint NOT NULL AUTO_INCREMENT,
  `user_id` int NOT NULL,
  `group_id` int NOT NULL,
  PRIMARY KEY (`id`),
  UNIQUE KEY `auth_user_groups_user_id_group_id_94350c0c_uniq` (`user_id`,`group_id`),
  KEY `auth_user_groups_group_id_97559544_fk_auth_group_id` (`group_id`),
  CONSTRAINT `auth_user_groups_group_id_97559544_fk_auth_group_id` FOREIGN KEY (`group_id`) REFERENCES `auth_group` (`id`),
  CONSTRAINT `auth_user_groups_user_id_6a12ed8b_fk_auth_user_id` FOREIGN KEY (`user_id`) REFERENCES `auth_user` (`id`)
) ENGINE=InnoDB DEFAULT CHARSET=utf8mb4 COLLATE=utf8mb4_unicode_ci;
/*!40101 SET character_set_client = @saved_cs_client */;

--
-- Dumping data for table `auth_user_groups`
--

LOCK TABLES `auth_user_groups` WRITE;
/*!40000 ALTER TABLE `auth_user_groups` DISABLE KEYS */;
/*!40000 ALTER TABLE `auth_user_groups` ENABLE KEYS */;
UNLOCK TABLES;

--
-- Table structure for table `auth_user_user_permissions`
--

DROP TABLE IF EXISTS `auth_user_user_permissions`;
/*!40101 SET @saved_cs_client     = @@character_set_client */;
/*!50503 SET character_set_client = utf8mb4 */;
CREATE TABLE `auth_user_user_permissions` (
  `id` bigint NOT NULL AUTO_INCREMENT,
  `user_id` int NOT NULL,
  `permission_id` int NOT NULL,
  PRIMARY KEY (`id`),
  UNIQUE KEY `auth_user_user_permissions_user_id_permission_id_14a6b632_uniq` (`user_id`,`permission_id`),
  KEY `auth_user_user_permi_permission_id_1fbb5f2c_fk_auth_perm` (`permission_id`),
  CONSTRAINT `auth_user_user_permi_permission_id_1fbb5f2c_fk_auth_perm` FOREIGN KEY (`permission_id`) REFERENCES `auth_permission` (`id`),
  CONSTRAINT `auth_user_user_permissions_user_id_a95ead1b_fk_auth_user_id` FOREIGN KEY (`user_id`) REFERENCES `auth_user` (`id`)
) ENGINE=InnoDB DEFAULT CHARSET=utf8mb4 COLLATE=utf8mb4_unicode_ci;
/*!40101 SET character_set_client = @saved_cs_client */;

--
-- Dumping data for table `auth_user_user_permissions`
--

LOCK TABLES `auth_user_user_permissions` WRITE;
/*!40000 ALTER TABLE `auth_user_user_permissions` DISABLE KEYS */;
/*!40000 ALTER TABLE `auth_user_user_permissions` ENABLE KEYS */;
UNLOCK TABLES;

--
-- Table structure for table `django_admin_log`
--

DROP TABLE IF EXISTS `django_admin_log`;
/*!40101 SET @saved_cs_client     = @@character_set_client */;
/*!50503 SET character_set_client = utf8mb4 */;
CREATE TABLE `django_admin_log` (
  `id` int NOT NULL AUTO_INCREMENT,
  `action_time` datetime(6) NOT NULL,
  `object_id` longtext COLLATE utf8mb4_unicode_ci,
  `object_repr` varchar(200) COLLATE utf8mb4_unicode_ci NOT NULL,
  `action_flag` smallint unsigned NOT NULL,
  `change_message` longtext COLLATE utf8mb4_unicode_ci NOT NULL,
  `content_type_id` int DEFAULT NULL,
  `user_id` int NOT NULL,
  PRIMARY KEY (`id`),
  KEY `django_admin_log_content_type_id_c4bce8eb_fk_django_co` (`content_type_id`),
  KEY `django_admin_log_user_id_c564eba6_fk_auth_user_id` (`user_id`),
  CONSTRAINT `django_admin_log_content_type_id_c4bce8eb_fk_django_co` FOREIGN KEY (`content_type_id`) REFERENCES `django_content_type` (`id`),
  CONSTRAINT `django_admin_log_user_id_c564eba6_fk_auth_user_id` FOREIGN KEY (`user_id`) REFERENCES `auth_user` (`id`),
  CONSTRAINT `django_admin_log_chk_1` CHECK ((`action_flag` >= 0))
) ENGINE=InnoDB DEFAULT CHARSET=utf8mb4 COLLATE=utf8mb4_unicode_ci;
/*!40101 SET character_set_client = @saved_cs_client */;

--
-- Dumping data for table `django_admin_log`
--

LOCK TABLES `django_admin_log` WRITE;
/*!40000 ALTER TABLE `django_admin_log` DISABLE KEYS */;
/*!40000 ALTER TABLE `django_admin_log` ENABLE KEYS */;
UNLOCK TABLES;

--
-- Table structure for table `django_content_type`
--

DROP TABLE IF EXISTS `django_content_type`;
/*!40101 SET @saved_cs_client     = @@character_set_client */;
/*!50503 SET character_set_client = utf8mb4 */;
CREATE TABLE `django_content_type` (
  `id` int NOT NULL AUTO_INCREMENT,
  `app_label` varchar(100) COLLATE utf8mb4_unicode_ci NOT NULL,
  `model` varchar(100) COLLATE utf8mb4_unicode_ci NOT NULL,
  PRIMARY KEY (`id`),
  UNIQUE KEY `django_content_type_app_label_model_76bd3d3b_uniq` (`app_label`,`model`)
) ENGINE=InnoDB AUTO_INCREMENT=33 DEFAULT CHARSET=utf8mb4 COLLATE=utf8mb4_unicode_ci;
/*!40101 SET character_set_client = @saved_cs_client */;

--
-- Dumping data for table `django_content_type`
--

LOCK TABLES `django_content_type` WRITE;
/*!40000 ALTER TABLE `django_content_type` DISABLE KEYS */;
INSERT INTO `django_content_type` VALUES (27,'account','emailaddress'),(28,'account','emailconfirmation'),(1,'admin','logentry'),(3,'auth','group'),(2,'auth','permission'),(4,'auth','user'),(5,'contenttypes','contenttype'),(8,'hms','activity'),(12,'hms','announcement'),(23,'hms','auditlog'),(9,'hms','awayperiod'),(32,'hms','defermentrequest'),(13,'hms','document'),(21,'hms','event'),(22,'hms','eventrsvp'),(17,'hms','leaverequest'),(24,'hms','loginactivity'),(15,'hms','maintenancerequest'),(10,'hms','meal'),(14,'hms','message'),(25,'hms','notification'),(26,'hms','payment'),(16,'hms','room'),(18,'hms','roomassignment'),(19,'hms','roomchangerequest'),(11,'hms','student'),(20,'hms','visitor'),(6,'sessions','session'),(7,'sites','site'),(29,'socialaccount','socialaccount'),(30,'socialaccount','socialapp'),(31,'socialaccount','socialtoken');
/*!40000 ALTER TABLE `django_content_type` ENABLE KEYS */;
UNLOCK TABLES;

--
-- Table structure for table `django_migrations`
--

DROP TABLE IF EXISTS `django_migrations`;
/*!40101 SET @saved_cs_client     = @@character_set_client */;
/*!50503 SET character_set_client = utf8mb4 */;
CREATE TABLE `django_migrations` (
  `id` bigint NOT NULL AUTO_INCREMENT,
  `app` varchar(255) COLLATE utf8mb4_unicode_ci NOT NULL,
  `name` varchar(255) COLLATE utf8mb4_unicode_ci NOT NULL,
  `applied` datetime(6) NOT NULL,
  PRIMARY KEY (`id`)
) ENGINE=InnoDB AUTO_INCREMENT=52 DEFAULT CHARSET=utf8mb4 COLLATE=utf8mb4_unicode_ci;
/*!40101 SET character_set_client = @saved_cs_client */;

--
-- Dumping data for table `django_migrations`
--

LOCK TABLES `django_migrations` WRITE;
/*!40000 ALTER TABLE `django_migrations` DISABLE KEYS */;
INSERT INTO `django_migrations` VALUES (1,'contenttypes','0001_initial','2026-01-28 10:16:19.425336'),(2,'auth','0001_initial','2026-01-28 10:16:20.525940'),(3,'account','0001_initial','2026-01-28 10:16:20.823626'),(4,'account','0002_email_max_length','2026-01-28 10:16:20.849135'),(5,'account','0003_alter_emailaddress_create_unique_verified_email','2026-01-28 10:16:20.899506'),(6,'account','0004_alter_emailaddress_drop_unique_email','2026-01-28 10:16:20.960266'),(7,'account','0005_emailaddress_idx_upper_email','2026-01-28 10:16:20.998611'),(8,'account','0006_emailaddress_lower','2026-01-28 10:16:21.014607'),(9,'account','0007_emailaddress_idx_email','2026-01-28 10:16:21.083321'),(10,'account','0008_emailaddress_unique_primary_email_fixup','2026-01-28 10:16:21.098478'),(11,'account','0009_emailaddress_unique_primary_email','2026-01-28 10:16:21.110973'),(12,'admin','0001_initial','2026-01-28 10:16:21.337601'),(13,'admin','0002_logentry_remove_auto_add','2026-01-28 10:16:21.350075'),(14,'admin','0003_logentry_add_action_flag_choices','2026-01-28 10:16:21.360721'),(15,'contenttypes','0002_remove_content_type_name','2026-01-28 10:16:21.520715'),(16,'auth','0002_alter_permission_name_max_length','2026-01-28 10:16:21.620491'),(17,'auth','0003_alter_user_email_max_length','2026-01-28 10:16:21.653366'),(18,'auth','0004_alter_user_username_opts','2026-01-28 10:16:21.665645'),(19,'auth','0005_alter_user_last_login_null','2026-01-28 10:16:21.758727'),(20,'auth','0006_require_contenttypes_0002','2026-01-28 10:16:21.763696'),(21,'auth','0007_alter_validators_add_error_messages','2026-01-28 10:16:21.776739'),(22,'auth','0008_alter_user_username_max_length','2026-01-28 10:16:21.897675'),(23,'auth','0009_alter_user_last_name_max_length','2026-01-28 10:16:22.075959'),(24,'auth','0010_alter_group_name_max_length','2026-01-28 10:16:22.103008'),(25,'auth','0011_update_proxy_permissions','2026-01-28 10:16:22.136090'),(26,'auth','0012_alter_user_first_name_max_length','2026-01-28 10:16:22.235290'),(27,'hms','0001_initial','2026-01-28 10:16:22.732953'),(28,'hms','0002_studentprofile_profile_picture','2026-01-28 10:16:22.858880'),(29,'hms','0003_activity_awayperiod_meal_student_and_more','2026-01-28 10:16:23.988411'),(30,'hms','0004_delete_announcement','2026-01-28 10:16:24.013204'),(31,'hms','0005_announcement','2026-01-28 10:16:24.141671'),(32,'hms','0006_document_student_room_number_student_timetable_and_more','2026-01-28 10:16:24.626745'),(33,'hms','0007_maintenancerequest','2026-01-28 10:16:24.760779'),(34,'hms','0008_room_leaverequest_roomassignment_roomchangerequest','2026-01-28 10:16:25.831752'),(35,'hms','0009_visitor','2026-01-28 10:16:26.072740'),(36,'hms','0010_alter_meal_date_alter_roomassignment_assigned_date','2026-01-28 10:16:26.097736'),(37,'hms','0011_event_eventrsvp','2026-01-28 10:16:26.484012'),(38,'hms','0012_auditlog_loginactivity_notification','2026-01-28 10:16:26.937024'),(39,'hms','0013_payment','2026-01-28 10:16:27.124402'),(40,'sessions','0001_initial','2026-01-28 10:16:27.178657'),(41,'sites','0001_initial','2026-01-28 10:16:27.213639'),(42,'sites','0002_alter_domain_unique','2026-01-28 10:16:27.241772'),(43,'socialaccount','0001_initial','2026-01-28 10:16:27.922606'),(44,'socialaccount','0002_token_max_lengths','2026-01-28 10:16:28.006251'),(45,'socialaccount','0003_extra_data_default_dict','2026-01-28 10:16:28.026001'),(46,'socialaccount','0004_app_provider_id_settings','2026-01-28 10:16:28.303423'),(47,'socialaccount','0005_socialtoken_nullable_app','2026-01-28 10:16:28.595163'),(48,'socialaccount','0006_alter_socialaccount_extra_data','2026-01-28 10:16:28.722892'),(49,'hms','0014_deferment_system_update','2026-01-28 13:39:07.885856'),(50,'hms','0015_student_hostel_defermentrequest_delete_leaverequest','2026-01-28 18:02:10.022285'),(51,'hms','0016_suggestion_remove_event_created_by_and_more','2026-01-30 11:07:18.866954');
/*!40000 ALTER TABLE `django_migrations` ENABLE KEYS */;
UNLOCK TABLES;

--
-- Table structure for table `django_session`
--

DROP TABLE IF EXISTS `django_session`;
/*!40101 SET @saved_cs_client     = @@character_set_client */;
/*!50503 SET character_set_client = utf8mb4 */;
CREATE TABLE `django_session` (
  `session_key` varchar(40) COLLATE utf8mb4_unicode_ci NOT NULL,
  `session_data` longtext COLLATE utf8mb4_unicode_ci NOT NULL,
  `expire_date` datetime(6) NOT NULL,
  PRIMARY KEY (`session_key`),
  KEY `django_session_expire_date_a5c62663` (`expire_date`)
) ENGINE=InnoDB DEFAULT CHARSET=utf8mb4 COLLATE=utf8mb4_unicode_ci;
/*!40101 SET character_set_client = @saved_cs_client */;

--
-- Dumping data for table `django_session`
--

LOCK TABLES `django_session` WRITE;
/*!40000 ALTER TABLE `django_session` DISABLE KEYS */;
INSERT INTO `django_session` VALUES ('3bkziyobg8r49jymvyo7i077yal6zvxj','.eJxVjMsOgjAQRf-la9NAaTuMS_d-A5lHEdS0CYWV8d-VhIVu7znnvsxA2zoNW03LMKs5G2dOvxuTPFLegd4p34qVktdlZrsr9qDVXoum5-Vw_w4mqtO3JhHxaex8wKZTkRZ69H5somofIPbIrnNtiIkBBB1hGygqqzInRADz_gDsFjgf:1vl2ps:CMUjXrVFYnGaQ0IOuGYi2Bncq8icYMg-2KA-3hycj2o','2026-02-11 10:31:44.479468'),('d7od20q5oufzvd1j3jyq88yg6lx454q5','.eJxVjMsOgjAQRf-la9NAaTuMS_d-A5lHEdS0CYWV8d-VhIVu7znnvsxA2zoNW03LMKs5G2dOvxuTPFLegd4p34qVktdlZrsr9qDVXoum5-Vw_w4mqtO3JhHxaex8wKZTkRZ69H5somofIPbIrnNtiIkBBB1hGygqqzInRADz_gDsFjgf:1vloE7:YmcQ28gxc3IwHrnCkjUE6TSkAdbnlAWgRTsV-BcIBrs','2026-02-13 13:07:55.125214');
/*!40000 ALTER TABLE `django_session` ENABLE KEYS */;
UNLOCK TABLES;

--
-- Table structure for table `django_site`
--

DROP TABLE IF EXISTS `django_site`;
/*!40101 SET @saved_cs_client     = @@character_set_client */;
/*!50503 SET character_set_client = utf8mb4 */;
CREATE TABLE `django_site` (
  `id` int NOT NULL AUTO_INCREMENT,
  `domain` varchar(100) COLLATE utf8mb4_unicode_ci NOT NULL,
  `name` varchar(50) COLLATE utf8mb4_unicode_ci NOT NULL,
  PRIMARY KEY (`id`),
  UNIQUE KEY `django_site_domain_a2e37b91_uniq` (`domain`)
) ENGINE=InnoDB AUTO_INCREMENT=2 DEFAULT CHARSET=utf8mb4 COLLATE=utf8mb4_unicode_ci;
/*!40101 SET character_set_client = @saved_cs_client */;

--
-- Dumping data for table `django_site`
--

LOCK TABLES `django_site` WRITE;
/*!40000 ALTER TABLE `django_site` DISABLE KEYS */;
INSERT INTO `django_site` VALUES (1,'example.com','example.com');
/*!40000 ALTER TABLE `django_site` ENABLE KEYS */;
UNLOCK TABLES;

--
-- Table structure for table `hms_activity`
--

DROP TABLE IF EXISTS `hms_activity`;
/*!40101 SET @saved_cs_client     = @@character_set_client */;
/*!50503 SET character_set_client = utf8mb4 */;
CREATE TABLE `hms_activity` (
  `id` bigint NOT NULL AUTO_INCREMENT,
  `display_name` varchar(100) COLLATE utf8mb4_unicode_ci NOT NULL,
  `weekday` int NOT NULL,
  `description` longtext COLLATE utf8mb4_unicode_ci NOT NULL,
  `time` time(6) DEFAULT NULL,
  `active` tinyint(1) NOT NULL,
  PRIMARY KEY (`id`)
) ENGINE=InnoDB DEFAULT CHARSET=utf8mb4 COLLATE=utf8mb4_unicode_ci;
/*!40101 SET character_set_client = @saved_cs_client */;

--
-- Dumping data for table `hms_activity`
--

LOCK TABLES `hms_activity` WRITE;
/*!40000 ALTER TABLE `hms_activity` DISABLE KEYS */;
/*!40000 ALTER TABLE `hms_activity` ENABLE KEYS */;
UNLOCK TABLES;

--
-- Table structure for table `hms_announcement`
--

DROP TABLE IF EXISTS `hms_announcement`;
/*!40101 SET @saved_cs_client     = @@character_set_client */;
/*!50503 SET character_set_client = utf8mb4 */;
CREATE TABLE `hms_announcement` (
  `id` bigint NOT NULL AUTO_INCREMENT,
  `title` varchar(200) COLLATE utf8mb4_unicode_ci NOT NULL,
  `content` longtext COLLATE utf8mb4_unicode_ci NOT NULL,
  `created_at` datetime(6) NOT NULL,
  `updated_at` datetime(6) NOT NULL,
  `is_active` tinyint(1) NOT NULL,
  `priority` varchar(20) COLLATE utf8mb4_unicode_ci NOT NULL,
  `created_by_id` int DEFAULT NULL,
  PRIMARY KEY (`id`),
  KEY `hms_announcement_created_by_id_c17d2e6f_fk_auth_user_id` (`created_by_id`),
  CONSTRAINT `hms_announcement_created_by_id_c17d2e6f_fk_auth_user_id` FOREIGN KEY (`created_by_id`) REFERENCES `auth_user` (`id`)
) ENGINE=InnoDB DEFAULT CHARSET=utf8mb4 COLLATE=utf8mb4_unicode_ci;
/*!40101 SET character_set_client = @saved_cs_client */;

--
-- Dumping data for table `hms_announcement`
--

LOCK TABLES `hms_announcement` WRITE;
/*!40000 ALTER TABLE `hms_announcement` DISABLE KEYS */;
/*!40000 ALTER TABLE `hms_announcement` ENABLE KEYS */;
UNLOCK TABLES;

--
-- Table structure for table `hms_auditlog`
--

DROP TABLE IF EXISTS `hms_auditlog`;
/*!40101 SET @saved_cs_client     = @@character_set_client */;
/*!50503 SET character_set_client = utf8mb4 */;
CREATE TABLE `hms_auditlog` (
  `id` bigint NOT NULL AUTO_INCREMENT,
  `model_name` varchar(50) COLLATE utf8mb4_unicode_ci NOT NULL,
  `object_id` varchar(50) COLLATE utf8mb4_unicode_ci DEFAULT NULL,
  `object_repr` varchar(200) COLLATE utf8mb4_unicode_ci DEFAULT NULL,
  `action` varchar(10) COLLATE utf8mb4_unicode_ci NOT NULL,
  `changes` longtext COLLATE utf8mb4_unicode_ci,
  `timestamp` datetime(6) NOT NULL,
  `user_id` int DEFAULT NULL,
  PRIMARY KEY (`id`),
  KEY `hms_auditlog_user_id_65ace3e4_fk_auth_user_id` (`user_id`),
  CONSTRAINT `hms_auditlog_user_id_65ace3e4_fk_auth_user_id` FOREIGN KEY (`user_id`) REFERENCES `auth_user` (`id`)
) ENGINE=InnoDB AUTO_INCREMENT=11 DEFAULT CHARSET=utf8mb4 COLLATE=utf8mb4_unicode_ci;
/*!40101 SET character_set_client = @saved_cs_client */;

--
-- Dumping data for table `hms_auditlog`
--

LOCK TABLES `hms_auditlog` WRITE;
/*!40000 ALTER TABLE `hms_auditlog` DISABLE KEYS */;
INSERT INTO `hms_auditlog` VALUES (1,'Student','2',' (None)','UPDATE','UPDATE on Student','2026-01-28 10:49:58.013220',2),(2,'Meal','1','Ali Mahirizi Abdalla (SD06/PU/30104/25) - 2026-01-28','CREATE','CREATE on Meal','2026-01-28 17:49:23.615764',3),(3,'Meal','2','Ali Mahirizi Abdalla (SD06/PU/30104/25) - 2026-01-29','CREATE','CREATE on Meal','2026-01-28 17:49:23.657426',3),(4,'DefermentRequest','1','Ali Mahirizi Abdalla (SD06/PU/30104/25) - Deferment (Fee Challenges)','CREATE','CREATE on DefermentRequest','2026-01-28 17:51:04.651091',3),(5,'DefermentRequest','1','Ali Mahirizi Abdalla (SD06/PU/30104/25) - Deferment (Fee Challenges)','UPDATE','UPDATE on DefermentRequest','2026-01-29 11:33:49.115694',2),(6,'Meal','3','Ali Mahirizi Abdalla (SD06/PU/30104/25) - 2026-01-30','CREATE','CREATE on Meal','2026-01-29 12:32:41.834316',3),(7,'Student','3','Ali Mahirizi Abdalla (SD06/PU/30104/25)','UPDATE','UPDATE on Student','2026-01-29 12:35:07.037911',3),(8,'User','3','@ali','UPDATE','UPDATE on User','2026-01-29 12:35:07.052645',3),(9,'Student','3','Ali Mahirizi Abdalla (SD06/PU/30104/25)','UPDATE','UPDATE on Student','2026-01-29 12:35:07.070320',3),(10,'Message','1','From @ali to admin','CREATE','CREATE on Message','2026-01-29 12:35:42.872859',3);
/*!40000 ALTER TABLE `hms_auditlog` ENABLE KEYS */;
UNLOCK TABLES;

--
-- Table structure for table `hms_awayperiod`
--

DROP TABLE IF EXISTS `hms_awayperiod`;
/*!40101 SET @saved_cs_client     = @@character_set_client */;
/*!50503 SET character_set_client = utf8mb4 */;
CREATE TABLE `hms_awayperiod` (
  `id` bigint NOT NULL AUTO_INCREMENT,
  `start_date` date NOT NULL,
  `end_date` date NOT NULL,
  `created_at` datetime(6) NOT NULL,
  `student_id` bigint NOT NULL,
  PRIMARY KEY (`id`),
  KEY `hms_awayperiod_student_id_70330af6_fk_hms_student_id` (`student_id`),
  CONSTRAINT `hms_awayperiod_student_id_70330af6_fk_hms_student_id` FOREIGN KEY (`student_id`) REFERENCES `hms_student` (`id`)
) ENGINE=InnoDB AUTO_INCREMENT=4 DEFAULT CHARSET=utf8mb4 COLLATE=utf8mb4_unicode_ci;
/*!40101 SET character_set_client = @saved_cs_client */;

--
-- Dumping data for table `hms_awayperiod`
--

LOCK TABLES `hms_awayperiod` WRITE;
/*!40000 ALTER TABLE `hms_awayperiod` DISABLE KEYS */;
INSERT INTO `hms_awayperiod` VALUES (1,'2026-01-28','2026-11-28','2026-01-30 09:52:23.170336',3),(2,'2026-01-28','2026-11-28','2026-01-30 12:34:10.831891',3),(3,'2026-01-28','2026-11-28','2026-01-30 12:57:40.135046',3);
/*!40000 ALTER TABLE `hms_awayperiod` ENABLE KEYS */;
UNLOCK TABLES;

--
-- Table structure for table `hms_defermentrequest`
--

DROP TABLE IF EXISTS `hms_defermentrequest`;
/*!40101 SET @saved_cs_client     = @@character_set_client */;
/*!50503 SET character_set_client = utf8mb4 */;
CREATE TABLE `hms_defermentrequest` (
  `id` bigint NOT NULL AUTO_INCREMENT,
  `start_date` date NOT NULL,
  `end_date` date NOT NULL,
  `reason` longtext COLLATE utf8mb4_unicode_ci NOT NULL,
  `status` varchar(20) COLLATE utf8mb4_unicode_ci NOT NULL,
  `created_at` datetime(6) NOT NULL,
  `updated_at` datetime(6) NOT NULL,
  `reviewed_by_id` int DEFAULT NULL,
  `student_id` bigint NOT NULL,
  `deferment_type` varchar(30) COLLATE utf8mb4_unicode_ci NOT NULL,
  `admin_response` longtext COLLATE utf8mb4_unicode_ci,
  PRIMARY KEY (`id`),
  KEY `hms_leaverequest_reviewed_by_id_32e73771_fk_auth_user_id` (`reviewed_by_id`),
  KEY `hms_leaverequest_student_id_bde92538_fk_hms_student_id` (`student_id`),
  CONSTRAINT `hms_leaverequest_reviewed_by_id_32e73771_fk_auth_user_id` FOREIGN KEY (`reviewed_by_id`) REFERENCES `auth_user` (`id`),
  CONSTRAINT `hms_leaverequest_student_id_bde92538_fk_hms_student_id` FOREIGN KEY (`student_id`) REFERENCES `hms_student` (`id`)
) ENGINE=InnoDB AUTO_INCREMENT=2 DEFAULT CHARSET=utf8mb4 COLLATE=utf8mb4_unicode_ci;
/*!40101 SET character_set_client = @saved_cs_client */;

--
-- Dumping data for table `hms_defermentrequest`
--

LOCK TABLES `hms_defermentrequest` WRITE;
/*!40000 ALTER TABLE `hms_defermentrequest` DISABLE KEYS */;
INSERT INTO `hms_defermentrequest` VALUES (1,'2026-01-28','2026-11-28','N/A','approved','2026-01-28 17:51:04.641015','2026-01-30 12:57:40.111138',2,3,'fee_challenges','');
/*!40000 ALTER TABLE `hms_defermentrequest` ENABLE KEYS */;
UNLOCK TABLES;

--
-- Table structure for table `hms_document`
--

DROP TABLE IF EXISTS `hms_document`;
/*!40101 SET @saved_cs_client     = @@character_set_client */;
/*!50503 SET character_set_client = utf8mb4 */;
CREATE TABLE `hms_document` (
  `id` bigint NOT NULL AUTO_INCREMENT,
  `title` varchar(200) COLLATE utf8mb4_unicode_ci NOT NULL,
  `file` varchar(100) COLLATE utf8mb4_unicode_ci NOT NULL,
  `uploaded_at` datetime(6) NOT NULL,
  `description` longtext COLLATE utf8mb4_unicode_ci,
  `is_visible` tinyint(1) NOT NULL DEFAULT '1',
  PRIMARY KEY (`id`)
) ENGINE=InnoDB DEFAULT CHARSET=utf8mb4 COLLATE=utf8mb4_unicode_ci;
/*!40101 SET character_set_client = @saved_cs_client */;

--
-- Dumping data for table `hms_document`
--

LOCK TABLES `hms_document` WRITE;
/*!40000 ALTER TABLE `hms_document` DISABLE KEYS */;
/*!40000 ALTER TABLE `hms_document` ENABLE KEYS */;
UNLOCK TABLES;

--
-- Table structure for table `hms_event`
--

DROP TABLE IF EXISTS `hms_event`;
/*!40101 SET @saved_cs_client     = @@character_set_client */;
/*!50503 SET character_set_client = utf8mb4 */;
CREATE TABLE `hms_event` (
  `id` bigint NOT NULL AUTO_INCREMENT,
  `title` varchar(200) COLLATE utf8mb4_unicode_ci NOT NULL,
  `description` longtext COLLATE utf8mb4_unicode_ci NOT NULL,
  `category` varchar(20) COLLATE utf8mb4_unicode_ci NOT NULL,
  `event_date` date NOT NULL,
  `start_time` time(6) NOT NULL,
  `end_time` time(6) DEFAULT NULL,
  `location` varchar(200) COLLATE utf8mb4_unicode_ci NOT NULL,
  `max_participants` int DEFAULT NULL,
  `image` varchar(100) COLLATE utf8mb4_unicode_ci DEFAULT NULL,
  `is_mandatory` tinyint(1) NOT NULL,
  `is_published` tinyint(1) NOT NULL,
  `requires_rsvp` tinyint(1) NOT NULL,
  `created_at` datetime(6) NOT NULL,
  `updated_at` datetime(6) NOT NULL,
  PRIMARY KEY (`id`)
) ENGINE=InnoDB DEFAULT CHARSET=utf8mb4 COLLATE=utf8mb4_unicode_ci;
/*!40101 SET character_set_client = @saved_cs_client */;

--
-- Dumping data for table `hms_event`
--

LOCK TABLES `hms_event` WRITE;
/*!40000 ALTER TABLE `hms_event` DISABLE KEYS */;
/*!40000 ALTER TABLE `hms_event` ENABLE KEYS */;
UNLOCK TABLES;

--
-- Table structure for table `hms_eventrsvp`
--

DROP TABLE IF EXISTS `hms_eventrsvp`;
/*!40101 SET @saved_cs_client     = @@character_set_client */;
/*!50503 SET character_set_client = utf8mb4 */;
CREATE TABLE `hms_eventrsvp` (
  `id` bigint NOT NULL AUTO_INCREMENT,
  `status` varchar(20) COLLATE utf8mb4_unicode_ci NOT NULL,
  `attended` tinyint(1) NOT NULL,
  `notes` longtext COLLATE utf8mb4_unicode_ci NOT NULL,
  `created_at` datetime(6) NOT NULL,
  `updated_at` datetime(6) NOT NULL,
  `student_id` bigint NOT NULL,
  PRIMARY KEY (`id`),
  UNIQUE KEY `hms_eventrsvp_event_id_student_id_e6a61789_uniq` (`student_id`),
  CONSTRAINT `hms_eventrsvp_student_id_dfba7049_fk_hms_student_id` FOREIGN KEY (`student_id`) REFERENCES `hms_student` (`id`)
) ENGINE=InnoDB DEFAULT CHARSET=utf8mb4 COLLATE=utf8mb4_unicode_ci;
/*!40101 SET character_set_client = @saved_cs_client */;

--
-- Dumping data for table `hms_eventrsvp`
--

LOCK TABLES `hms_eventrsvp` WRITE;
/*!40000 ALTER TABLE `hms_eventrsvp` DISABLE KEYS */;
/*!40000 ALTER TABLE `hms_eventrsvp` ENABLE KEYS */;
UNLOCK TABLES;

--
-- Table structure for table `hms_loginactivity`
--

DROP TABLE IF EXISTS `hms_loginactivity`;
/*!40101 SET @saved_cs_client     = @@character_set_client */;
/*!50503 SET character_set_client = utf8mb4 */;
CREATE TABLE `hms_loginactivity` (
  `id` bigint NOT NULL AUTO_INCREMENT,
  `ip_address` char(39) COLLATE utf8mb4_unicode_ci DEFAULT NULL,
  `user_agent` longtext COLLATE utf8mb4_unicode_ci,
  `timestamp` datetime(6) NOT NULL,
  `status` varchar(20) COLLATE utf8mb4_unicode_ci NOT NULL,
  `user_id` int DEFAULT NULL,
  PRIMARY KEY (`id`),
  KEY `hms_loginactivity_user_id_25586cce_fk_auth_user_id` (`user_id`),
  CONSTRAINT `hms_loginactivity_user_id_25586cce_fk_auth_user_id` FOREIGN KEY (`user_id`) REFERENCES `auth_user` (`id`)
) ENGINE=InnoDB AUTO_INCREMENT=10 DEFAULT CHARSET=utf8mb4 COLLATE=utf8mb4_unicode_ci;
/*!40101 SET character_set_client = @saved_cs_client */;

--
-- Dumping data for table `hms_loginactivity`
--

LOCK TABLES `hms_loginactivity` WRITE;
/*!40000 ALTER TABLE `hms_loginactivity` DISABLE KEYS */;
INSERT INTO `hms_loginactivity` VALUES (1,'127.0.0.1','Mozilla/5.0 (Windows NT 10.0; Win64; x64) AppleWebKit/537.36 (KHTML, like Gecko) Chrome/142.0.0.0 Safari/537.36','2026-01-28 10:31:44.472479','Success',2),(2,'127.0.0.1','Mozilla/5.0 (Windows NT 10.0; Win64; x64) AppleWebKit/537.36 (KHTML, like Gecko) Chrome/144.0.0.0 Safari/537.36','2026-01-28 17:33:05.421372','Success',2),(3,'127.0.0.1','Mozilla/5.0 (Windows NT 10.0; Win64; x64) AppleWebKit/537.36 (KHTML, like Gecko) Chrome/144.0.0.0 Safari/537.36','2026-01-28 17:42:09.987943','Success',2),(4,'127.0.0.1','Mozilla/5.0 (Windows NT 10.0; Win64; x64) AppleWebKit/537.36 (KHTML, like Gecko) Chrome/144.0.0.0 Safari/537.36','2026-01-28 17:49:23.526543','Success',3),(5,'127.0.0.1','Mozilla/5.0 (Windows NT 10.0; Win64; x64) AppleWebKit/537.36 (KHTML, like Gecko) Chrome/144.0.0.0 Safari/537.36','2026-01-28 18:10:50.206489','Success',2),(6,'127.0.0.1','Mozilla/5.0 (Windows NT 10.0; Win64; x64) AppleWebKit/537.36 (KHTML, like Gecko) Chrome/144.0.0.0 Safari/537.36','2026-01-29 12:32:41.646477','Success',3),(7,'127.0.0.1','Mozilla/5.0 (Windows NT 10.0; Win64; x64) AppleWebKit/537.36 (KHTML, like Gecko) Chrome/144.0.0.0 Safari/537.36','2026-01-29 12:36:08.157004','Success',2),(8,'127.0.0.1','Mozilla/5.0 (Windows NT 10.0; Win64; x64) AppleWebKit/537.36 (KHTML, like Gecko) Chrome/144.0.0.0 Safari/537.36','2026-01-29 12:39:16.136541','Success',2),(9,'127.0.0.1','Mozilla/5.0 (Windows NT 10.0; Win64; x64) AppleWebKit/537.36 (KHTML, like Gecko) Chrome/144.0.0.0 Safari/537.36','2026-01-29 14:09:24.312083','Success',3);
/*!40000 ALTER TABLE `hms_loginactivity` ENABLE KEYS */;
UNLOCK TABLES;

--
-- Table structure for table `hms_maintenancerequest`
--

DROP TABLE IF EXISTS `hms_maintenancerequest`;
/*!40101 SET @saved_cs_client     = @@character_set_client */;
/*!50503 SET character_set_client = utf8mb4 */;
CREATE TABLE `hms_maintenancerequest` (
  `id` bigint NOT NULL AUTO_INCREMENT,
  `title` varchar(200) COLLATE utf8mb4_unicode_ci NOT NULL,
  `description` longtext COLLATE utf8mb4_unicode_ci NOT NULL,
  `priority` varchar(20) COLLATE utf8mb4_unicode_ci NOT NULL,
  `status` varchar(20) COLLATE utf8mb4_unicode_ci NOT NULL,
  `created_at` datetime(6) NOT NULL,
  `updated_at` datetime(6) NOT NULL,
  `student_id` bigint NOT NULL,
  `location` varchar(100) COLLATE utf8mb4_unicode_ci NOT NULL DEFAULT 'Unknown',
  `image` varchar(100) COLLATE utf8mb4_unicode_ci DEFAULT NULL,
  `admin_notes` longtext COLLATE utf8mb4_unicode_ci,
  `resolved_at` datetime DEFAULT NULL,
  PRIMARY KEY (`id`),
  KEY `hms_maintenancerequest_student_id_204388db_fk_hms_student_id` (`student_id`),
  CONSTRAINT `hms_maintenancerequest_student_id_204388db_fk_hms_student_id` FOREIGN KEY (`student_id`) REFERENCES `hms_student` (`id`)
) ENGINE=InnoDB DEFAULT CHARSET=utf8mb4 COLLATE=utf8mb4_unicode_ci;
/*!40101 SET character_set_client = @saved_cs_client */;

--
-- Dumping data for table `hms_maintenancerequest`
--

LOCK TABLES `hms_maintenancerequest` WRITE;
/*!40000 ALTER TABLE `hms_maintenancerequest` DISABLE KEYS */;
/*!40000 ALTER TABLE `hms_maintenancerequest` ENABLE KEYS */;
UNLOCK TABLES;

--
-- Table structure for table `hms_meal`
--

DROP TABLE IF EXISTS `hms_meal`;
/*!40101 SET @saved_cs_client     = @@character_set_client */;
/*!50503 SET character_set_client = utf8mb4 */;
CREATE TABLE `hms_meal` (
  `id` bigint NOT NULL AUTO_INCREMENT,
  `date` date NOT NULL,
  `breakfast` tinyint(1) NOT NULL,
  `early` tinyint(1) NOT NULL,
  `supper` tinyint(1) NOT NULL,
  `away` tinyint(1) NOT NULL,
  `submitted_at` datetime(6) NOT NULL,
  `student_id` bigint NOT NULL,
  PRIMARY KEY (`id`),
  UNIQUE KEY `hms_meal_student_id_date_9385b5a1_uniq` (`student_id`,`date`),
  CONSTRAINT `hms_meal_student_id_bf9cb161_fk_hms_student_id` FOREIGN KEY (`student_id`) REFERENCES `hms_student` (`id`)
) ENGINE=InnoDB AUTO_INCREMENT=7 DEFAULT CHARSET=utf8mb4 COLLATE=utf8mb4_unicode_ci;
/*!40101 SET character_set_client = @saved_cs_client */;

--
-- Dumping data for table `hms_meal`
--

LOCK TABLES `hms_meal` WRITE;
/*!40000 ALTER TABLE `hms_meal` DISABLE KEYS */;
INSERT INTO `hms_meal` VALUES (1,'2026-01-28',0,0,0,0,'2026-01-28 17:49:23.613863',3),(2,'2026-01-29',0,0,0,0,'2026-01-28 17:49:23.654994',3),(3,'2026-01-30',0,0,0,1,'2026-01-30 10:35:26.847589',3),(4,'2026-01-31',0,0,0,1,'2026-01-30 10:35:26.879766',3),(5,'2026-01-30',0,0,0,0,'2026-01-30 10:21:16.654569',2),(6,'2026-01-31',0,0,0,0,'2026-01-30 10:21:16.689799',2);
/*!40000 ALTER TABLE `hms_meal` ENABLE KEYS */;
UNLOCK TABLES;

--
-- Table structure for table `hms_message`
--

DROP TABLE IF EXISTS `hms_message`;
/*!40101 SET @saved_cs_client     = @@character_set_client */;
/*!50503 SET character_set_client = utf8mb4 */;
CREATE TABLE `hms_message` (
  `id` bigint NOT NULL AUTO_INCREMENT,
  `content` longtext COLLATE utf8mb4_unicode_ci NOT NULL,
  `timestamp` datetime(6) NOT NULL,
  `is_read` tinyint(1) NOT NULL,
  `recipient_id` int NOT NULL,
  `sender_id` int NOT NULL,
  PRIMARY KEY (`id`),
  KEY `hms_message_recipient_id_046766ab_fk_auth_user_id` (`recipient_id`),
  KEY `hms_message_sender_id_fdedefd1_fk_auth_user_id` (`sender_id`),
  CONSTRAINT `hms_message_recipient_id_046766ab_fk_auth_user_id` FOREIGN KEY (`recipient_id`) REFERENCES `auth_user` (`id`),
  CONSTRAINT `hms_message_sender_id_fdedefd1_fk_auth_user_id` FOREIGN KEY (`sender_id`) REFERENCES `auth_user` (`id`)
) ENGINE=InnoDB AUTO_INCREMENT=2 DEFAULT CHARSET=utf8mb4 COLLATE=utf8mb4_unicode_ci;
/*!40101 SET character_set_client = @saved_cs_client */;

--
-- Dumping data for table `hms_message`
--

LOCK TABLES `hms_message` WRITE;
/*!40000 ALTER TABLE `hms_message` DISABLE KEYS */;
INSERT INTO `hms_message` VALUES (1,'hello','2026-01-29 12:35:42.864071',0,1,3);
/*!40000 ALTER TABLE `hms_message` ENABLE KEYS */;
UNLOCK TABLES;

--
-- Table structure for table `hms_notification`
--

DROP TABLE IF EXISTS `hms_notification`;
/*!40101 SET @saved_cs_client     = @@character_set_client */;
/*!50503 SET character_set_client = utf8mb4 */;
CREATE TABLE `hms_notification` (
  `id` bigint NOT NULL AUTO_INCREMENT,
  `title` varchar(255) COLLATE utf8mb4_unicode_ci NOT NULL,
  `message` longtext COLLATE utf8mb4_unicode_ci NOT NULL,
  `is_read` tinyint(1) NOT NULL,
  `created_at` datetime(6) NOT NULL,
  `link` varchar(255) COLLATE utf8mb4_unicode_ci DEFAULT NULL,
  `user_id` int NOT NULL,
  PRIMARY KEY (`id`),
  KEY `hms_notification_user_id_3b237399_fk_auth_user_id` (`user_id`),
  CONSTRAINT `hms_notification_user_id_3b237399_fk_auth_user_id` FOREIGN KEY (`user_id`) REFERENCES `auth_user` (`id`)
) ENGINE=InnoDB DEFAULT CHARSET=utf8mb4 COLLATE=utf8mb4_unicode_ci;
/*!40101 SET character_set_client = @saved_cs_client */;

--
-- Dumping data for table `hms_notification`
--

LOCK TABLES `hms_notification` WRITE;
/*!40000 ALTER TABLE `hms_notification` DISABLE KEYS */;
/*!40000 ALTER TABLE `hms_notification` ENABLE KEYS */;
UNLOCK TABLES;

--
-- Table structure for table `hms_payment`
--

DROP TABLE IF EXISTS `hms_payment`;
/*!40101 SET @saved_cs_client     = @@character_set_client */;
/*!50503 SET character_set_client = utf8mb4 */;
CREATE TABLE `hms_payment` (
  `id` bigint NOT NULL AUTO_INCREMENT,
  `transaction_id` varchar(50) COLLATE utf8mb4_unicode_ci DEFAULT NULL,
  `amount` decimal(10,2) NOT NULL,
  `phone_number` varchar(15) COLLATE utf8mb4_unicode_ci NOT NULL,
  `reference` varchar(50) COLLATE utf8mb4_unicode_ci NOT NULL,
  `status` varchar(20) COLLATE utf8mb4_unicode_ci NOT NULL,
  `checkout_request_id` varchar(100) COLLATE utf8mb4_unicode_ci DEFAULT NULL,
  `description` varchar(255) COLLATE utf8mb4_unicode_ci DEFAULT NULL,
  `created_at` datetime(6) NOT NULL,
  `updated_at` datetime(6) NOT NULL,
  `student_id` bigint NOT NULL,
  PRIMARY KEY (`id`),
  UNIQUE KEY `transaction_id` (`transaction_id`),
  KEY `hms_payment_student_id_6fa4a0ce_fk_hms_student_id` (`student_id`),
  CONSTRAINT `hms_payment_student_id_6fa4a0ce_fk_hms_student_id` FOREIGN KEY (`student_id`) REFERENCES `hms_student` (`id`)
) ENGINE=InnoDB DEFAULT CHARSET=utf8mb4 COLLATE=utf8mb4_unicode_ci;
/*!40101 SET character_set_client = @saved_cs_client */;

--
-- Dumping data for table `hms_payment`
--

LOCK TABLES `hms_payment` WRITE;
/*!40000 ALTER TABLE `hms_payment` DISABLE KEYS */;
/*!40000 ALTER TABLE `hms_payment` ENABLE KEYS */;
UNLOCK TABLES;

--
-- Table structure for table `hms_room`
--

DROP TABLE IF EXISTS `hms_room`;
/*!40101 SET @saved_cs_client     = @@character_set_client */;
/*!50503 SET character_set_client = utf8mb4 */;
CREATE TABLE `hms_room` (
  `id` bigint NOT NULL AUTO_INCREMENT,
  `room_number` varchar(10) COLLATE utf8mb4_unicode_ci NOT NULL,
  `floor` int NOT NULL,
  `block` varchar(50) COLLATE utf8mb4_unicode_ci NOT NULL,
  `room_type` varchar(20) COLLATE utf8mb4_unicode_ci NOT NULL,
  `capacity` int NOT NULL,
  `is_available` tinyint(1) NOT NULL,
  `amenities` longtext COLLATE utf8mb4_unicode_ci NOT NULL,
  `created_at` datetime(6) NOT NULL,
  `updated_at` datetime(6) NOT NULL,
  PRIMARY KEY (`id`),
  UNIQUE KEY `room_number` (`room_number`)
) ENGINE=InnoDB DEFAULT CHARSET=utf8mb4 COLLATE=utf8mb4_unicode_ci;
/*!40101 SET character_set_client = @saved_cs_client */;

--
-- Dumping data for table `hms_room`
--

LOCK TABLES `hms_room` WRITE;
/*!40000 ALTER TABLE `hms_room` DISABLE KEYS */;
/*!40000 ALTER TABLE `hms_room` ENABLE KEYS */;
UNLOCK TABLES;

--
-- Table structure for table `hms_roomassignment`
--

DROP TABLE IF EXISTS `hms_roomassignment`;
/*!40101 SET @saved_cs_client     = @@character_set_client */;
/*!50503 SET character_set_client = utf8mb4 */;
CREATE TABLE `hms_roomassignment` (
  `id` bigint NOT NULL AUTO_INCREMENT,
  `bed_number` int DEFAULT NULL,
  `assigned_date` date NOT NULL,
  `checkout_date` date DEFAULT NULL,
  `is_active` tinyint(1) NOT NULL,
  `notes` longtext COLLATE utf8mb4_unicode_ci NOT NULL,
  `created_at` datetime(6) NOT NULL,
  `updated_at` datetime(6) NOT NULL,
  `room_id` bigint NOT NULL,
  `student_id` bigint NOT NULL,
  PRIMARY KEY (`id`),
  KEY `hms_roomassignment_room_id_88619da8_fk_hms_room_id` (`room_id`),
  KEY `hms_roomassignment_student_id_bd797f25_fk_hms_student_id` (`student_id`),
  CONSTRAINT `hms_roomassignment_room_id_88619da8_fk_hms_room_id` FOREIGN KEY (`room_id`) REFERENCES `hms_room` (`id`),
  CONSTRAINT `hms_roomassignment_student_id_bd797f25_fk_hms_student_id` FOREIGN KEY (`student_id`) REFERENCES `hms_student` (`id`)
) ENGINE=InnoDB DEFAULT CHARSET=utf8mb4 COLLATE=utf8mb4_unicode_ci;
/*!40101 SET character_set_client = @saved_cs_client */;

--
-- Dumping data for table `hms_roomassignment`
--

LOCK TABLES `hms_roomassignment` WRITE;
/*!40000 ALTER TABLE `hms_roomassignment` DISABLE KEYS */;
/*!40000 ALTER TABLE `hms_roomassignment` ENABLE KEYS */;
UNLOCK TABLES;

--
-- Table structure for table `hms_roomchangerequest`
--

DROP TABLE IF EXISTS `hms_roomchangerequest`;
/*!40101 SET @saved_cs_client     = @@character_set_client */;
/*!50503 SET character_set_client = utf8mb4 */;
CREATE TABLE `hms_roomchangerequest` (
  `id` bigint NOT NULL AUTO_INCREMENT,
  `reason` longtext COLLATE utf8mb4_unicode_ci NOT NULL,
  `status` varchar(20) COLLATE utf8mb4_unicode_ci NOT NULL,
  `admin_notes` longtext COLLATE utf8mb4_unicode_ci NOT NULL,
  `created_at` datetime(6) NOT NULL,
  `updated_at` datetime(6) NOT NULL,
  `current_room_id` bigint DEFAULT NULL,
  `requested_room_id` bigint DEFAULT NULL,
  `reviewed_by_id` int DEFAULT NULL,
  `student_id` bigint NOT NULL,
  PRIMARY KEY (`id`),
  KEY `hms_roomchangerequest_current_room_id_88788b1a_fk_hms_room_id` (`current_room_id`),
  KEY `hms_roomchangerequest_requested_room_id_b991bc8c_fk_hms_room_id` (`requested_room_id`),
  KEY `hms_roomchangerequest_reviewed_by_id_6979c29d_fk_auth_user_id` (`reviewed_by_id`),
  KEY `hms_roomchangerequest_student_id_eb0380c2_fk_hms_student_id` (`student_id`),
  CONSTRAINT `hms_roomchangerequest_current_room_id_88788b1a_fk_hms_room_id` FOREIGN KEY (`current_room_id`) REFERENCES `hms_room` (`id`),
  CONSTRAINT `hms_roomchangerequest_requested_room_id_b991bc8c_fk_hms_room_id` FOREIGN KEY (`requested_room_id`) REFERENCES `hms_room` (`id`),
  CONSTRAINT `hms_roomchangerequest_reviewed_by_id_6979c29d_fk_auth_user_id` FOREIGN KEY (`reviewed_by_id`) REFERENCES `auth_user` (`id`),
  CONSTRAINT `hms_roomchangerequest_student_id_eb0380c2_fk_hms_student_id` FOREIGN KEY (`student_id`) REFERENCES `hms_student` (`id`)
) ENGINE=InnoDB DEFAULT CHARSET=utf8mb4 COLLATE=utf8mb4_unicode_ci;
/*!40101 SET character_set_client = @saved_cs_client */;

--
-- Dumping data for table `hms_roomchangerequest`
--

LOCK TABLES `hms_roomchangerequest` WRITE;
/*!40000 ALTER TABLE `hms_roomchangerequest` DISABLE KEYS */;
/*!40000 ALTER TABLE `hms_roomchangerequest` ENABLE KEYS */;
UNLOCK TABLES;

--
-- Table structure for table `hms_student`
--

DROP TABLE IF EXISTS `hms_student`;
/*!40101 SET @saved_cs_client     = @@character_set_client */;
/*!50503 SET character_set_client = utf8mb4 */;
CREATE TABLE `hms_student` (
  `id` bigint NOT NULL AUTO_INCREMENT,
  `university_id` varchar(20) COLLATE utf8mb4_unicode_ci DEFAULT NULL,
  `phone` varchar(15) COLLATE utf8mb4_unicode_ci NOT NULL,
  `profile_image` varchar(100) COLLATE utf8mb4_unicode_ci DEFAULT NULL,
  `is_warden` tinyint(1) NOT NULL,
  `created_at` datetime(6) NOT NULL,
  `updated_at` datetime(6) NOT NULL,
  `user_id` int NOT NULL,
  `room_number` varchar(10) COLLATE utf8mb4_unicode_ci DEFAULT NULL,
  `timetable` varchar(100) COLLATE utf8mb4_unicode_ci DEFAULT NULL,
  `hostel` varchar(20) COLLATE utf8mb4_unicode_ci DEFAULT NULL,
  PRIMARY KEY (`id`),
  UNIQUE KEY `user_id` (`user_id`),
  UNIQUE KEY `university_id` (`university_id`),
  CONSTRAINT `hms_student_user_id_c6bbf98f_fk_auth_user_id` FOREIGN KEY (`user_id`) REFERENCES `auth_user` (`id`)
) ENGINE=InnoDB AUTO_INCREMENT=4 DEFAULT CHARSET=utf8mb4 COLLATE=utf8mb4_unicode_ci;
/*!40101 SET character_set_client = @saved_cs_client */;

--
-- Dumping data for table `hms_student`
--

LOCK TABLES `hms_student` WRITE;
/*!40000 ALTER TABLE `hms_student` DISABLE KEYS */;
INSERT INTO `hms_student` VALUES (1,NULL,'','',0,'2026-01-28 10:17:14.163329','2026-01-28 10:17:14.163352',1,NULL,'',NULL),(2,NULL,'','profile_pics/Modern_hostel_kitchen_with_clean_stainless-steel_countertops_organized_shel_pYXoiAt.jpg',0,'2026-01-28 10:18:46.962429','2026-01-28 10:49:57.964014',2,NULL,'',NULL),(3,'SD06/PU/30104/25','0750168458','profile_pics/Modern_hostel_dormitory_room_with_neatly_arranged_double-decker_bunk_beds_c_2lUu5U2.jpg',0,'2026-01-28 17:49:23.490119','2026-01-29 12:35:07.061024',3,NULL,'',NULL);
/*!40000 ALTER TABLE `hms_student` ENABLE KEYS */;
UNLOCK TABLES;

--
-- Table structure for table `hms_suggestion`
--

DROP TABLE IF EXISTS `hms_suggestion`;
/*!40101 SET @saved_cs_client     = @@character_set_client */;
/*!50503 SET character_set_client = utf8mb4 */;
CREATE TABLE `hms_suggestion` (
  `id` bigint NOT NULL AUTO_INCREMENT,
  `content` longtext COLLATE utf8mb4_unicode_ci NOT NULL,
  `created_at` datetime(6) NOT NULL,
  `is_read` tinyint(1) NOT NULL,
  PRIMARY KEY (`id`)
) ENGINE=InnoDB DEFAULT CHARSET=utf8mb4 COLLATE=utf8mb4_unicode_ci;
/*!40101 SET character_set_client = @saved_cs_client */;

--
-- Dumping data for table `hms_suggestion`
--

LOCK TABLES `hms_suggestion` WRITE;
/*!40000 ALTER TABLE `hms_suggestion` DISABLE KEYS */;
/*!40000 ALTER TABLE `hms_suggestion` ENABLE KEYS */;
UNLOCK TABLES;

--
-- Table structure for table `hms_visitor`
--

DROP TABLE IF EXISTS `hms_visitor`;
/*!40101 SET @saved_cs_client     = @@character_set_client */;
/*!50503 SET character_set_client = utf8mb4 */;
CREATE TABLE `hms_visitor` (
  `id` bigint NOT NULL AUTO_INCREMENT,
  `name` varchar(200) COLLATE utf8mb4_unicode_ci NOT NULL,
  `phone` varchar(15) COLLATE utf8mb4_unicode_ci NOT NULL,
  `id_number` varchar(50) COLLATE utf8mb4_unicode_ci NOT NULL,
  `check_in_time` datetime(6) NOT NULL,
  `check_out_time` datetime(6) DEFAULT NULL,
  `purpose` longtext COLLATE utf8mb4_unicode_ci NOT NULL,
  `is_active` tinyint(1) NOT NULL,
  `created_by_id` int DEFAULT NULL,
  `student_id` bigint NOT NULL,
  PRIMARY KEY (`id`),
  KEY `hms_visitor_created_by_id_b3fcefb5_fk_auth_user_id` (`created_by_id`),
  KEY `hms_visitor_student_id_18dad689_fk_hms_student_id` (`student_id`),
  CONSTRAINT `hms_visitor_created_by_id_b3fcefb5_fk_auth_user_id` FOREIGN KEY (`created_by_id`) REFERENCES `auth_user` (`id`),
  CONSTRAINT `hms_visitor_student_id_18dad689_fk_hms_student_id` FOREIGN KEY (`student_id`) REFERENCES `hms_student` (`id`)
) ENGINE=InnoDB DEFAULT CHARSET=utf8mb4 COLLATE=utf8mb4_unicode_ci;
/*!40101 SET character_set_client = @saved_cs_client */;

--
-- Dumping data for table `hms_visitor`
--

LOCK TABLES `hms_visitor` WRITE;
/*!40000 ALTER TABLE `hms_visitor` DISABLE KEYS */;
/*!40000 ALTER TABLE `hms_visitor` ENABLE KEYS */;
UNLOCK TABLES;

--
-- Table structure for table `socialaccount_socialaccount`
--

DROP TABLE IF EXISTS `socialaccount_socialaccount`;
/*!40101 SET @saved_cs_client     = @@character_set_client */;
/*!50503 SET character_set_client = utf8mb4 */;
CREATE TABLE `socialaccount_socialaccount` (
  `id` int NOT NULL AUTO_INCREMENT,
  `provider` varchar(200) COLLATE utf8mb4_unicode_ci NOT NULL,
  `uid` varchar(191) COLLATE utf8mb4_unicode_ci NOT NULL,
  `last_login` datetime(6) NOT NULL,
  `date_joined` datetime(6) NOT NULL,
  `extra_data` json NOT NULL,
  `user_id` int NOT NULL,
  PRIMARY KEY (`id`),
  UNIQUE KEY `socialaccount_socialaccount_provider_uid_fc810c6e_uniq` (`provider`,`uid`),
  KEY `socialaccount_socialaccount_user_id_8146e70c_fk_auth_user_id` (`user_id`),
  CONSTRAINT `socialaccount_socialaccount_user_id_8146e70c_fk_auth_user_id` FOREIGN KEY (`user_id`) REFERENCES `auth_user` (`id`)
) ENGINE=InnoDB DEFAULT CHARSET=utf8mb4 COLLATE=utf8mb4_unicode_ci;
/*!40101 SET character_set_client = @saved_cs_client */;

--
-- Dumping data for table `socialaccount_socialaccount`
--

LOCK TABLES `socialaccount_socialaccount` WRITE;
/*!40000 ALTER TABLE `socialaccount_socialaccount` DISABLE KEYS */;
/*!40000 ALTER TABLE `socialaccount_socialaccount` ENABLE KEYS */;
UNLOCK TABLES;

--
-- Table structure for table `socialaccount_socialapp`
--

DROP TABLE IF EXISTS `socialaccount_socialapp`;
/*!40101 SET @saved_cs_client     = @@character_set_client */;
/*!50503 SET character_set_client = utf8mb4 */;
CREATE TABLE `socialaccount_socialapp` (
  `id` int NOT NULL AUTO_INCREMENT,
  `provider` varchar(30) COLLATE utf8mb4_unicode_ci NOT NULL,
  `name` varchar(40) COLLATE utf8mb4_unicode_ci NOT NULL,
  `client_id` varchar(191) COLLATE utf8mb4_unicode_ci NOT NULL,
  `secret` varchar(191) COLLATE utf8mb4_unicode_ci NOT NULL,
  `key` varchar(191) COLLATE utf8mb4_unicode_ci NOT NULL,
  `provider_id` varchar(200) COLLATE utf8mb4_unicode_ci NOT NULL,
  `settings` json NOT NULL DEFAULT (_utf8mb4'{}'),
  PRIMARY KEY (`id`)
) ENGINE=InnoDB DEFAULT CHARSET=utf8mb4 COLLATE=utf8mb4_unicode_ci;
/*!40101 SET character_set_client = @saved_cs_client */;

--
-- Dumping data for table `socialaccount_socialapp`
--

LOCK TABLES `socialaccount_socialapp` WRITE;
/*!40000 ALTER TABLE `socialaccount_socialapp` DISABLE KEYS */;
/*!40000 ALTER TABLE `socialaccount_socialapp` ENABLE KEYS */;
UNLOCK TABLES;

--
-- Table structure for table `socialaccount_socialapp_sites`
--

DROP TABLE IF EXISTS `socialaccount_socialapp_sites`;
/*!40101 SET @saved_cs_client     = @@character_set_client */;
/*!50503 SET character_set_client = utf8mb4 */;
CREATE TABLE `socialaccount_socialapp_sites` (
  `id` bigint NOT NULL AUTO_INCREMENT,
  `socialapp_id` int NOT NULL,
  `site_id` int NOT NULL,
  PRIMARY KEY (`id`),
  UNIQUE KEY `socialaccount_socialapp_sites_socialapp_id_site_id_71a9a768_uniq` (`socialapp_id`,`site_id`),
  KEY `socialaccount_socialapp_sites_site_id_2579dee5_fk_django_site_id` (`site_id`),
  CONSTRAINT `socialaccount_social_socialapp_id_97fb6e7d_fk_socialacc` FOREIGN KEY (`socialapp_id`) REFERENCES `socialaccount_socialapp` (`id`),
  CONSTRAINT `socialaccount_socialapp_sites_site_id_2579dee5_fk_django_site_id` FOREIGN KEY (`site_id`) REFERENCES `django_site` (`id`)
) ENGINE=InnoDB DEFAULT CHARSET=utf8mb4 COLLATE=utf8mb4_unicode_ci;
/*!40101 SET character_set_client = @saved_cs_client */;

--
-- Dumping data for table `socialaccount_socialapp_sites`
--

LOCK TABLES `socialaccount_socialapp_sites` WRITE;
/*!40000 ALTER TABLE `socialaccount_socialapp_sites` DISABLE KEYS */;
/*!40000 ALTER TABLE `socialaccount_socialapp_sites` ENABLE KEYS */;
UNLOCK TABLES;

--
-- Table structure for table `socialaccount_socialtoken`
--

DROP TABLE IF EXISTS `socialaccount_socialtoken`;
/*!40101 SET @saved_cs_client     = @@character_set_client */;
/*!50503 SET character_set_client = utf8mb4 */;
CREATE TABLE `socialaccount_socialtoken` (
  `id` int NOT NULL AUTO_INCREMENT,
  `token` longtext COLLATE utf8mb4_unicode_ci NOT NULL,
  `token_secret` longtext COLLATE utf8mb4_unicode_ci NOT NULL,
  `expires_at` datetime(6) DEFAULT NULL,
  `account_id` int NOT NULL,
  `app_id` int DEFAULT NULL,
  PRIMARY KEY (`id`),
  UNIQUE KEY `socialaccount_socialtoken_app_id_account_id_fca4e0ac_uniq` (`app_id`,`account_id`),
  KEY `socialaccount_social_account_id_951f210e_fk_socialacc` (`account_id`),
  CONSTRAINT `socialaccount_social_account_id_951f210e_fk_socialacc` FOREIGN KEY (`account_id`) REFERENCES `socialaccount_socialaccount` (`id`),
  CONSTRAINT `socialaccount_social_app_id_636a42d7_fk_socialacc` FOREIGN KEY (`app_id`) REFERENCES `socialaccount_socialapp` (`id`)
) ENGINE=InnoDB DEFAULT CHARSET=utf8mb4 COLLATE=utf8mb4_unicode_ci;
/*!40101 SET character_set_client = @saved_cs_client */;

--
-- Dumping data for table `socialaccount_socialtoken`
--

LOCK TABLES `socialaccount_socialtoken` WRITE;
/*!40000 ALTER TABLE `socialaccount_socialtoken` DISABLE KEYS */;
/*!40000 ALTER TABLE `socialaccount_socialtoken` ENABLE KEYS */;
UNLOCK TABLES;
/*!40103 SET TIME_ZONE=@OLD_TIME_ZONE */;

/*!40101 SET SQL_MODE=@OLD_SQL_MODE */;
/*!40014 SET FOREIGN_KEY_CHECKS=@OLD_FOREIGN_KEY_CHECKS */;
/*!40014 SET UNIQUE_CHECKS=@OLD_UNIQUE_CHECKS */;
/*!40101 SET CHARACTER_SET_CLIENT=@OLD_CHARACTER_SET_CLIENT */;
/*!40101 SET CHARACTER_SET_RESULTS=@OLD_CHARACTER_SET_RESULTS */;
/*!40101 SET COLLATION_CONNECTION=@OLD_COLLATION_CONNECTION */;
/*!40111 SET SQL_NOTES=@OLD_SQL_NOTES */;

-- Dump completed on 2026-01-30 16:50:37
